{
  "n_estimators": 1321,
  "max_depth": 5,
  "learning_rate": 0.04676567448026787,
  "subsample": 0.751850610914496,
  "colsample_bytree": 0.898420372470383,
  "min_child_samples": 30,
  "reg_alpha": 0.13123125638807445,
  "reg_lambda": 0.4057147503158698
}